{"cameraMode":{"drawMode":0,"name":"Shaded","section":"Shading Mode"},"sceneLighting":false,"audioPlay":false,"sceneViewState":{"showFog":true,"showMaterialUpdate":false,"showSkybox":true,"showFlares":true,"showImageEffects":true,"showParticleSystems":true},"in2DMode":false,"pivot":{"x":0.05727803707122803,"y":1.014275312423706,"z":-0.30325961112976076},"rotation":{"x":-0.06348757445812226,"y":0.9332829117774963,"z":-0.20655494928359986,"w":-0.28685787320137026},"size":2.2989912033081056,"orthographic":false}