{"cameraMode":{"drawMode":0,"name":"Shaded","section":"Shading Mode"},"sceneLighting":true,"audioPlay":false,"sceneViewState":{"showFog":true,"showMaterialUpdate":true,"showSkybox":true,"showFlares":true,"showImageEffects":true,"showParticleSystems":true},"in2DMode":false,"pivot":{"x":29.440000534057618,"y":30.40999984741211,"z":110.51000213623047},"rotation":{"x":-0.4987984895706177,"y":0.07521448284387589,"z":-0.043505292385816577,"w":-0.8623515963554382},"size":97.6026382446289,"orthographic":false}