{"cameraMode":{"drawMode":0,"name":"Shaded","section":"Shading Mode"},"sceneLighting":false,"audioPlay":false,"sceneViewState":{"showFog":true,"showMaterialUpdate":false,"showSkybox":true,"showFlares":true,"showImageEffects":true,"showParticleSystems":true},"in2DMode":false,"pivot":{"x":-0.45525217056274416,"y":0.7861795425415039,"z":0.44297170639038088},"rotation":{"x":0.16698302328586579,"y":0.8032776713371277,"z":-0.26469185948371889,"w":0.5067542195320129},"size":9.145228385925293,"orthographic":false}