{"cameraMode":{"drawMode":0,"name":"Shaded","section":"Shading Mode"},"sceneLighting":false,"audioPlay":false,"sceneViewState":{"showFog":true,"showMaterialUpdate":false,"showSkybox":true,"showFlares":true,"showImageEffects":true,"showParticleSystems":true},"in2DMode":false,"pivot":{"x":-0.1710376739501953,"y":3.8875749111175539,"z":2.364621639251709},"rotation":{"x":0.16698302328586579,"y":0.8032776713371277,"z":-0.26469185948371889,"w":0.5067542195320129},"size":28.510955810546876,"orthographic":false}