{"cameraMode":{"drawMode":0,"name":"Shaded","section":"Shading Mode"},"sceneLighting":false,"audioPlay":false,"sceneViewState":{"showFog":true,"showMaterialUpdate":false,"showSkybox":true,"showFlares":true,"showImageEffects":true,"showParticleSystems":true},"in2DMode":false,"pivot":{"x":1.8387457132339478,"y":0.7024683952331543,"z":-0.9593483209609985},"rotation":{"x":0.16698302328586579,"y":0.8032776713371277,"z":-0.26469185948371889,"w":0.5067542195320129},"size":5.274259567260742,"orthographic":false}