{"cameraMode":{"drawMode":0,"name":"Shaded","section":"Shading Mode"},"sceneLighting":true,"audioPlay":false,"sceneViewState":{"showFog":true,"showMaterialUpdate":false,"showSkybox":true,"showFlares":true,"showImageEffects":true,"showParticleSystems":true},"in2DMode":false,"pivot":{"x":81.106689453125,"y":1.3903754949569703,"z":80.24671173095703},"rotation":{"x":0.009496648795902729,"y":0.9851511120796204,"z":-0.1613188236951828,"w":0.057994697242975238},"size":2.3632662296295168,"orthographic":false}